{
  "phase1_baseline": {
    "model": "ResNet50_ImageNet_V2",
    "embedding_dim": 2048,
    "gallery_size": 300,
    "query_size": 1027,
    "recall_at_1": 0.30671859785783834,
    "recall_at_5": 0.49269717624148,
    "recall_at_10": 0.5900681596884129,
    "recall_at_20": 0.691333982473223
  },
  "per_category": {
    "denim": {
      "recall@1": 0.35064935064935066,
      "recall@10": 0.5974025974025974,
      "n_queries": 77
    },
    "jackets": {
      "recall@1": 0.13924050632911392,
      "recall@10": 0.4810126582278481,
      "n_queries": 79
    },
    "pants": {
      "recall@1": 0.3055555555555556,
      "recall@10": 0.6111111111111112,
      "n_queries": 144
    },
    "shirts": {
      "recall@1": 0.3884297520661157,
      "recall@10": 0.7024793388429752,
      "n_queries": 121
    },
    "shorts": {
      "recall@1": 0.25316455696202533,
      "recall@10": 0.5443037974683544,
      "n_queries": 158
    },
    "sweaters": {
      "recall@1": 0.3783783783783784,
      "recall@10": 0.6621621621621622,
      "n_queries": 74
    },
    "sweatshirts": {
      "recall@1": 0.2440944881889764,
      "recall@10": 0.5275590551181102,
      "n_queries": 127
    },
    "tees": {
      "recall@1": 0.3524590163934426,
      "recall@10": 0.5901639344262295,
      "n_queries": 244
    }
  },
  "similarity_separation": {
    "correct_mean": 0.7862306394207645,
    "incorrect_mean": 0.737771471766769,
    "separation": 0.048459167653995494
  }
}